n,k,q,alpha,beta,weight_factor,seed,config_source,target_weight,v_weight,t_active,rows_qhat_correct,r_v_true,mean_est_r,rmax_90,coverage_90,rmax_95,coverage_95,rmax_99,coverage_99,elapsed_posterior_s,elapsed_hungarian_s,elapsed_estimate_s,error
32,16,7,0.01,0.03,1.1,20260831,grid,11,11,11,21,3,3.5235776147287394,5,1,6,1,7,1,0.0018029212951660156,0.018028974533081055,0.0004987716674804688,
32,16,7,0.01,0.03,1.1,20260832,grid,11,11,11,24,0,3.2255458357709355,5,1,5,1,6,1,0.0015757083892822266,0.01704716682434082,0.00044798851013183594,
32,16,7,0.01,0.03,1.1,20260833,grid,11,11,11,26,2,6.4443704931594965,8,1,8,1,9,1,0.0016467571258544922,0.016523122787475586,0.0004680156707763672,
32,16,7,0.01,0.03,1.1,20260834,grid,11,11,11,26,3,4.251417577901516,6,1,6,1,7,1,0.0016481876373291016,0.016286849975585938,0.00045490264892578125,
32,16,7,0.01,0.03,1.1,20260835,grid,11,11,11,24,2,3.8160998903532968,5,1,6,1,7,1,0.0015139579772949219,0.016371965408325195,0.0004363059997558594,
32,16,7,0.01,0.05,1.1,20260836,grid,11,11,11,23,2,5.364841620664243,7,1,8,1,9,1,0.0016200542449951172,0.010627031326293945,0.0004169940948486328,
32,16,7,0.01,0.05,1.1,20260837,grid,11,11,11,19,5,7.581756344927872,9,1,10,1,10,1,0.0015900135040283203,0.010164976119995117,0.00042176246643066406,
32,16,7,0.01,0.05,1.1,20260838,grid,11,11,11,18,4,4.893808161018193,7,1,7,1,8,1,0.001596212387084961,0.010094881057739258,0.0005688667297363281,
32,16,7,0.01,0.05,1.1,20260839,grid,11,11,11,19,5,6.8427247879047,9,1,9,1,10,1,0.001592874526977539,0.010251998901367188,0.00040602684020996094,
32,16,7,0.01,0.05,1.1,20260840,grid,11,11,11,26,2,5.680808027736241,7,1,8,1,9,1,0.0015499591827392578,0.010145187377929688,0.00045108795166015625,
32,16,7,0.02,0.08,1.1,20260841,grid,11,11,11,13,5,7.574032805701986,9,1,10,1,10,1,0.0015861988067626953,0.023890972137451172,0.0012958049774169922,
32,16,7,0.02,0.08,1.1,20260842,grid,11,11,11,12,6,7.805864597745822,9,1,10,1,11,1,0.0016620159149169922,0.010447978973388672,0.0004467964172363281,
32,16,7,0.02,0.08,1.1,20260843,grid,11,11,11,11,4,6.826975329419333,9,1,9,1,10,1,0.00180816650390625,0.010177850723266602,0.0004572868347167969,
32,16,7,0.02,0.08,1.1,20260844,grid,11,11,11,15,7,6.957759377540015,9,1,9,1,10,1,0.001764059066772461,0.009974956512451172,0.0004551410675048828,
32,16,7,0.02,0.08,1.1,20260845,grid,11,11,11,16,7,7.990497662585354,10,1,10,1,11,1,0.001680135726928711,0.010250091552734375,0.0004680156707763672,
32,16,29,0.01,0.03,1.1,20260846,grid,13,13,13,30,0,3.1130914811191217,5,1,5,1,6,1,0.00541377067565918,0.019500017166137695,0.0016019344329833984,
32,16,29,0.01,0.03,1.1,20260847,grid,13,13,13,27,1,2.0033315058688084,4,1,4,1,5,1,0.00542902946472168,0.019416093826293945,0.0017209053039550781,
32,16,29,0.01,0.03,1.1,20260848,grid,13,13,13,30,2,5.250565728639294,7,1,7,1,8,1,0.0052700042724609375,0.019807100296020508,0.0016472339630126953,
32,16,29,0.01,0.03,1.1,20260849,grid,13,13,13,23,4,5.444044180882515,7,1,7,1,8,1,0.0052032470703125,0.0235750675201416,0.0016069412231445312,
32,16,29,0.01,0.03,1.1,20260850,grid,13,13,13,27,1,3.0183907599531157,5,1,5,1,6,1,0.00511479377746582,0.019877195358276367,0.0016057491302490234,
32,16,29,0.01,0.05,1.1,20260851,grid,13,13,13,18,5,6.589319909099843,9,1,9,1,10,1,0.0051000118255615234,0.019366025924682617,0.0016672611236572266,
32,16,29,0.01,0.05,1.1,20260852,grid,13,13,13,28,1,4.928068809899141,7,1,7,1,8,1,0.005255937576293945,0.019791126251220703,0.0016851425170898438,
32,16,29,0.01,0.05,1.1,20260853,grid,13,13,13,23,4,6.436963008023326,8,1,9,1,10,1,0.005300045013427734,0.01947808265686035,0.0016889572143554688,
32,16,29,0.01,0.05,1.1,20260854,grid,13,13,13,26,1,5.729314858522295,8,1,8,1,9,1,0.005324125289916992,0.019236087799072266,0.001672983169555664,
32,16,29,0.01,0.05,1.1,20260855,grid,13,13,13,27,1,4.70659735484569,7,1,7,1,8,1,0.005561113357543945,0.020160675048828125,0.0018413066864013672,
32,16,29,0.02,0.08,1.1,20260856,grid,13,13,13,22,3,7.2371826062442475,9,1,10,1,11,1,0.005434751510620117,0.01896500587463379,0.0018320083618164062,
32,16,29,0.02,0.08,1.1,20260857,grid,13,13,13,20,3,7.6546130709127045,10,1,10,1,11,1,0.005427837371826172,0.018709182739257812,0.0017042160034179688,
32,16,29,0.02,0.08,1.1,20260858,grid,13,13,13,17,5,7.117358230816088,9,1,10,1,11,1,0.005620002746582031,0.019398927688598633,0.0016169548034667969,
32,16,29,0.02,0.08,1.1,20260859,grid,13,13,13,19,6,7.191260540615585,9,1,10,1,11,1,0.005624055862426758,0.018874168395996094,0.0016548633575439453,
32,16,29,0.02,0.08,1.1,20260860,grid,13,13,13,19,7,6.667763045300701,9,1,9,1,10,1,0.005417823791503906,0.01992011070251465,0.0015659332275390625,
32,16,127,0.01,0.03,1.1,20260861,grid,15,15,15,28,1,4.032758213514086,6,1,6,1,8,1,0.03270316123962402,0.038027048110961914,0.007853031158447266,
32,16,127,0.01,0.03,1.1,20260862,grid,15,15,15,24,4,3.1334418641751003,5,1,5,1,7,1,0.03232002258300781,0.040145158767700195,0.0075228214263916016,
32,16,127,0.01,0.03,1.1,20260863,grid,15,15,15,30,1,3.2230842283177616,5,1,6,1,7,1,0.03924822807312012,0.03806591033935547,0.008600950241088867,
32,16,127,0.01,0.03,1.1,20260864,grid,15,15,15,30,1,2.288165668724909,4,1,5,1,6,1,0.03176712989807129,0.037223100662231445,0.007773160934448242,
32,16,127,0.01,0.03,1.1,20260865,grid,15,15,15,26,2,4.496268876656095,6,1,7,1,8,1,0.031752824783325195,0.03754234313964844,0.0078051090240478516,
32,16,127,0.01,0.05,1.1,20260866,grid,15,15,15,28,2,4.476660665648325,7,1,7,1,9,1,0.031148910522460938,0.035076141357421875,0.007460117340087891,
32,16,127,0.01,0.05,1.1,20260867,grid,15,15,15,23,6,5.292100596651791,7,1,8,1,9,1,0.031417131423950195,0.03805279731750488,0.007552146911621094,
32,16,127,0.01,0.05,1.1,20260868,grid,15,15,15,26,4,7.2160613961966416,9,1,10,1,11,1,0.03171992301940918,0.03723287582397461,0.007740974426269531,
32,16,127,0.01,0.05,1.1,20260869,grid,15,15,15,25,5,3.845040207585475,6,1,7,1,8,1,0.03152275085449219,0.03598618507385254,0.007636070251464844,
32,16,127,0.01,0.05,1.1,20260870,grid,15,15,15,26,2,4.572038795476368,7,1,7,1,8,1,0.031371116638183594,0.03592681884765625,0.007528066635131836,
32,16,127,0.02,0.08,1.1,20260871,grid,15,15,15,21,4,8.700649257619414,11,1,11,1,13,1,0.031681060791015625,0.03761935234069824,0.007727861404418945,
32,16,127,0.02,0.08,1.1,20260872,grid,15,15,15,23,3,6.981553086715459,9,1,10,1,11,1,0.03141522407531738,0.03739476203918457,0.007464885711669922,
32,16,127,0.02,0.08,1.1,20260873,grid,15,15,15,22,3,8.191385653554727,10,1,11,1,12,1,0.031275033950805664,0.03783392906188965,0.007763862609863281,
32,16,127,0.02,0.08,1.1,20260874,grid,15,15,15,22,4,9.069606841706943,11,1,12,1,13,1,0.03144121170043945,0.03837990760803223,0.007780313491821289,
32,16,127,0.02,0.08,1.1,20260875,grid,15,15,15,20,5,8.178469715403152,10,1,11,1,12,1,0.031935930252075195,0.03751206398010254,0.007567882537841797,
64,32,7,0.01,0.03,1.1,20260876,grid,20,20,20,34,8,12.238102925257904,15,1,15,1,16,1,0.006478071212768555,0.06483697891235352,0.0015761852264404297,
64,32,7,0.01,0.03,1.1,20260877,grid,20,20,20,32,9,10.71148587875572,13,1,13,1,14,1,0.006374835968017578,0.06513404846191406,0.001600027084350586,
64,32,7,0.01,0.03,1.1,20260878,grid,20,20,20,48,5,8.383276918430933,11,1,11,1,13,1,0.006527900695800781,0.06461524963378906,0.0016512870788574219,
64,32,7,0.01,0.03,1.1,20260879,grid,20,20,20,48,4,9.253285448196845,11,1,12,1,13,1,0.006478071212768555,0.06574487686157227,0.001856088638305664,
64,32,7,0.01,0.03,1.1,20260880,grid,20,20,20,41,5,8.48227554263355,11,1,11,1,12,1,0.00745701789855957,0.06500673294067383,0.001619100570678711,
64,32,7,0.01,0.05,1.1,20260881,grid,20,20,20,30,9,12.145475572888706,14,1,15,1,16,1,0.007730007171630859,0.06522703170776367,0.0016360282897949219,
64,32,7,0.01,0.05,1.1,20260882,grid,20,20,20,40,9,12.280883656345132,15,1,15,1,17,1,0.006350278854370117,0.06432580947875977,0.0016169548034667969,
64,32,7,0.01,0.05,1.1,20260883,grid,20,20,20,25,11,12.233444310421927,15,1,15,1,17,1,0.006321907043457031,0.06349301338195801,0.0015909671783447266,
64,32,7,0.01,0.05,1.1,20260884,grid,20,20,20,28,12,12.229868170003629,15,1,15,1,16,1,0.0065500736236572266,0.06418800354003906,0.0016777515411376953,
64,32,7,0.01,0.05,1.1,20260885,grid,20,20,20,26,14,13.748139953001216,16,1,17,1,18,1,0.006509065628051758,0.06364202499389648,0.0016131401062011719,
64,32,7,0.02,0.08,1.1,20260886,grid,20,20,20,21,15,15.20016331279937,18,1,18,1,19,1,0.006527900695800781,0.04076123237609863,0.0017049312591552734,
64,32,7,0.02,0.08,1.1,20260887,grid,20,20,20,24,14,15.549485480238648,18,1,18,1,19,1,0.006592988967895508,0.04057121276855469,0.0015988349914550781,
64,32,7,0.02,0.08,1.1,20260888,grid,20,20,20,18,14,14.98862149277678,17,1,18,1,19,1,0.006512880325317383,0.040270090103149414,0.0016050338745117188,
64,32,7,0.02,0.08,1.1,20260889,grid,20,20,20,20,12,15.068261033217514,17,1,18,1,19,1,0.007544040679931641,0.04024386405944824,0.0015969276428222656,
64,32,7,0.02,0.08,1.1,20260890,grid,20,20,20,27,12,15.568781848626374,18,1,18,1,19,1,0.008975028991699219,0.04851698875427246,0.0016319751739501953,
64,32,29,0.01,0.03,1.1,20260891,grid,24,24,24,54,3,8.100619161762289,10,1,11,1,12,1,0.018443822860717773,0.08099603652954102,0.0060727596282958984,
64,32,29,0.01,0.03,1.1,20260892,grid,24,24,24,58,2,8.483833080994197,11,1,11,1,13,1,0.018559932708740234,0.08127403259277344,0.006036043167114258,
64,32,29,0.01,0.03,1.1,20260893,grid,24,24,24,50,7,11.076104138768468,13,1,14,1,15,1,0.018369674682617188,0.08171319961547852,0.006155967712402344,
64,32,29,0.01,0.03,1.1,20260894,grid,24,24,24,45,9,7.793190322742581,10,1,11,1,12,1,0.018093109130859375,0.08179783821105957,0.006180763244628906,
64,32,29,0.01,0.03,1.1,20260895,grid,24,24,24,43,12,12.186574002958997,15,1,15,1,17,1,0.017837047576904297,0.08085513114929199,0.005870819091796875,
64,32,29,0.01,0.05,1.1,20260896,grid,24,24,24,34,11,12.702763637335638,15,1,16,1,17,1,0.01805400848388672,0.0766439437866211,0.006036996841430664,
64,32,29,0.01,0.05,1.1,20260897,grid,24,24,24,38,10,12.668654771328113,15,1,16,1,17,1,0.018206119537353516,0.07698202133178711,0.006091117858886719,
64,32,29,0.01,0.05,1.1,20260898,grid,24,24,24,39,9,11.980639822654082,14,1,15,1,17,1,0.023947954177856445,0.07816815376281738,0.0059740543365478516,
64,32,29,0.01,0.05,1.1,20260899,grid,24,24,24,39,8,11.542731492788644,14,1,15,1,16,1,0.020166873931884766,0.07778096199035645,0.006011962890625,
64,32,29,0.01,0.05,1.1,20260900,grid,24,24,24,46,2,10.64417321020135,13,1,14,1,16,1,0.018499135971069336,0.07914018630981445,0.005972862243652344,
64,32,29,0.02,0.08,1.1,20260901,grid,24,24,24,29,13,16.891466853137345,19,1,20,1,21,1,0.018291950225830078,0.07513976097106934,0.006078004837036133,
64,32,29,0.02,0.08,1.1,20260902,grid,24,24,24,27,14,13.868673114924835,17,1,17,1,19,1,0.018143892288208008,0.07767224311828613,0.006041049957275391,
64,32,29,0.02,0.08,1.1,20260903,grid,24,24,24,29,13,14.55286473552247,17,1,18,1,19,1,0.018538236618041992,0.07553982734680176,0.006227970123291016,
64,32,29,0.02,0.08,1.1,20260904,grid,24,24,24,22,16,15.974105330649177,18,1,19,1,20,1,0.018102645874023438,0.07558131217956543,0.006206035614013672,
64,32,29,0.02,0.08,1.1,20260905,grid,24,24,24,31,10,16.100760519956648,19,1,19,1,21,1,0.018681049346923828,0.07622289657592773,0.006245136260986328,
64,32,127,0.01,0.03,1.1,20260906,grid,28,28,28,51,6,8.325407894287654,11,1,12,1,13,1,0.08516192436218262,0.15073013305664062,0.028471946716308594,
64,32,127,0.01,0.03,1.1,20260907,grid,28,28,28,56,4,5.968511730676443,8,1,9,1,11,1,0.08549213409423828,0.14688992500305176,0.028254032135009766,
64,32,127,0.01,0.03,1.1,20260908,grid,28,28,28,55,4,8.042060564523878,11,1,11,1,13,1,0.09496712684631348,0.1458580493927002,0.029198169708251953,
64,32,127,0.01,0.03,1.1,20260909,grid,28,28,28,48,5,10.389440331383271,13,1,14,1,15,1,0.08259391784667969,0.14854192733764648,0.028314828872680664,
64,32,127,0.01,0.03,1.1,20260910,grid,28,28,28,58,3,5.759814252862198,8,1,9,1,11,1,0.08141279220581055,0.14499211311340332,0.028959989547729492,
64,32,127,0.01,0.05,1.1,20260911,grid,28,28,28,53,5,10.993998831504538,14,1,15,1,16,1,0.08105993270874023,0.16085195541381836,0.028566837310791016,
64,32,127,0.01,0.05,1.1,20260912,grid,28,28,28,41,9,11.336046685959378,14,1,15,1,17,1,0.08342194557189941,0.15067505836486816,0.0283510684967041,
64,32,127,0.01,0.05,1.1,20260913,grid,28,28,28,38,11,11.000498216532042,14,1,15,1,16,1,0.08259987831115723,0.15026521682739258,0.028683900833129883,
64,32,127,0.01,0.05,1.1,20260914,grid,28,28,28,54,2,10.868362811946273,14,1,15,1,16,1,0.08101606369018555,0.14896273612976074,0.028522968292236328,
64,32,127,0.01,0.05,1.1,20260915,grid,28,28,28,42,8,9.146823193728325,12,1,13,1,15,1,0.08186006546020508,0.1510009765625,0.028398990631103516,
64,32,127,0.02,0.08,1.1,20260916,grid,28,28,28,34,13,15.73179863279945,19,1,20,1,21,1,0.08552384376525879,0.14196109771728516,0.0289309024810791,
64,32,127,0.02,0.08,1.1,20260917,grid,28,28,28,42,12,16.392623661294813,19,1,20,1,22,1,0.08742403984069824,0.14946603775024414,0.028615951538085938,
64,32,127,0.02,0.08,1.1,20260918,grid,28,28,28,32,7,13.351063681997134,16,1,17,1,19,1,0.08222103118896484,0.14155292510986328,0.028384923934936523,
64,32,127,0.02,0.08,1.1,20260919,grid,28,28,28,41,11,13.635342508141997,17,1,18,1,19,1,0.08169865608215332,0.14258217811584473,0.028723955154418945,
64,32,127,0.02,0.08,1.1,20260920,grid,28,28,28,36,14,15.15829969878424,18,1,19,1,21,1,0.08301782608032227,0.14881014823913574,0.02776813507080078,
128,64,7,0.01,0.03,1.1,20260921,grid,36,36,36,60,21,22.25343110143443,25,1,26,1,28,1,0.032942771911621094,0.2649571895599365,0.005833864212036133,
128,64,7,0.01,0.03,1.1,20260922,grid,36,36,36,67,19,24.07336873494472,27,1,28,1,29,1,0.02503824234008789,0.2649719715118408,0.006719112396240234,
128,64,7,0.01,0.03,1.1,20260923,grid,36,36,36,58,17,20.05582766561053,23,1,24,1,26,1,0.025898218154907227,0.26445984840393066,0.005755186080932617,
128,64,7,0.01,0.03,1.1,20260924,grid,36,36,36,49,22,21.965119224457446,25,1,26,1,28,1,0.02555394172668457,0.26363301277160645,0.0055999755859375,
128,64,7,0.01,0.03,1.1,20260925,grid,36,36,36,62,15,23.031071840324312,26,1,27,1,28,1,0.025617122650146484,0.26050901412963867,0.0056879520416259766,
128,64,7,0.01,0.05,1.1,20260926,grid,36,36,36,45,23,24.384209065873453,28,1,29,1,30,1,0.026666879653930664,0.2614860534667969,0.005850076675415039,
128,64,7,0.01,0.05,1.1,20260927,grid,36,36,36,41,28,26.898550009714803,30,1,31,1,32,1,0.038378000259399414,0.2605161666870117,0.005670785903930664,
128,64,7,0.01,0.05,1.1,20260928,grid,36,36,36,44,24,26.662807570224516,30,1,31,1,32,1,0.03863716125488281,0.260347843170166,0.005609989166259766,
128,64,7,0.01,0.05,1.1,20260929,grid,36,36,36,39,26,26.603913107656126,30,1,31,1,32,1,0.03754091262817383,0.26215481758117676,0.005764961242675781,
128,64,7,0.01,0.05,1.1,20260930,grid,36,36,36,44,23,25.131487175683752,28,1,29,1,31,1,0.037615299224853516,0.26070380210876465,0.005587339401245117,
128,64,7,0.02,0.08,1.1,20260931,grid,36,36,36,14,32,29.924700625342005,33,1,33,1,34,1,0.03628802299499512,0.24973297119140625,0.00566411018371582,
128,64,7,0.02,0.08,1.1,20260932,grid,36,36,36,24,31,29.753517861170064,33,1,33,1,34,1,0.03542804718017578,0.24955105781555176,0.005650043487548828,
128,64,7,0.02,0.08,1.1,20260933,grid,36,36,36,33,27,30.082992171613032,33,1,33,1,35,1,0.03535795211791992,0.2514200210571289,0.005498170852661133,
128,64,7,0.02,0.08,1.1,20260934,grid,36,36,36,31,28,30.2110914027789,33,1,34,1,35,1,0.03464865684509277,0.2514681816101074,0.00574183464050293,
128,64,7,0.02,0.08,1.1,20260935,grid,36,36,36,19,26,30.449547357562857,33,1,34,1,35,1,0.035015106201171875,0.250856876373291,0.005697011947631836,
128,64,29,0.01,0.03,1.1,20260936,grid,47,47,47,103,11,21.885391483703543,25,1,26,1,28,1,0.07144904136657715,0.32865476608276367,0.024343252182006836,
128,64,29,0.01,0.03,1.1,20260937,grid,47,47,47,75,16,19.770614104360888,23,1,24,1,26,1,0.07238292694091797,0.3338150978088379,0.026674747467041016,
128,64,29,0.01,0.03,1.1,20260938,grid,47,47,47,102,9,22.74305454329986,26,1,27,1,29,1,0.07175183296203613,0.3312110900878906,0.02367711067199707,
128,64,29,0.01,0.03,1.1,20260939,grid,47,47,47,91,13,19.541688812409213,23,1,24,1,26,1,0.07181882858276367,0.3372223377227783,0.023814916610717773,
128,64,29,0.01,0.03,1.1,20260940,grid,47,47,47,90,11,19.645096015983874,23,1,24,1,26,1,0.0719759464263916,0.3321268558502197,0.025339841842651367,
128,64,29,0.01,0.05,1.1,20260941,grid,47,47,47,75,16,27.95381450114106,31,1,32,1,34,1,0.07490396499633789,0.3172030448913574,0.023691654205322266,
128,64,29,0.01,0.05,1.1,20260942,grid,47,47,47,75,25,29.37851071412964,33,1,34,1,35,1,0.07580304145812988,0.3339958190917969,0.023855209350585938,
128,64,29,0.01,0.05,1.1,20260943,grid,47,47,47,83,18,23.446571978508818,27,1,28,1,30,1,0.08836507797241211,0.31833410263061523,0.023350000381469727,
128,64,29,0.01,0.05,1.1,20260944,grid,47,47,47,68,20,27.86108659075446,31,1,32,1,34,1,0.08946990966796875,0.31822729110717773,0.024036884307861328,
128,64,29,0.01,0.05,1.1,20260945,grid,47,47,47,63,20,24.846126050897276,28,1,29,1,31,1,0.08618426322937012,0.3294336795806885,0.024158954620361328,
128,64,29,0.02,0.08,1.1,20260946,grid,47,47,47,41,29,33.88954724514438,37,1,38,1,40,1,0.08645296096801758,0.30619001388549805,0.024422168731689453,
128,64,29,0.02,0.08,1.1,20260947,grid,47,47,47,54,27,30.49769885888754,34,1,35,1,37,1,0.08454084396362305,0.3070950508117676,0.023873090744018555,
128,64,29,0.02,0.08,1.1,20260948,grid,47,47,47,48,29,32.54892504457133,36,1,37,1,39,1,0.08402585983276367,0.30626726150512695,0.023478984832763672,
128,64,29,0.02,0.08,1.1,20260949,grid,47,47,47,42,32,32.674079558704406,36,1,37,1,39,1,0.08212828636169434,0.30753374099731445,0.023562908172607422,
128,64,29,0.02,0.08,1.1,20260950,grid,47,47,47,45,35,34.01675320301726,37,1,38,1,40,1,0.08234500885009766,0.3078432083129883,0.023714065551757812,
128,64,127,0.01,0.03,1.1,20260951,grid,54,54,54,98,13,16.263347139854385,20,1,21,1,23,1,0.28875303268432617,0.5998380184173584,0.11040115356445312,
128,64,127,0.01,0.03,1.1,20260952,grid,54,54,54,95,9,16.233045769882295,20,1,21,1,23,1,0.2944192886352539,0.5962507724761963,0.11151909828186035,
128,64,127,0.01,0.03,1.1,20260953,grid,54,54,54,101,9,17.994579650540448,22,1,23,1,25,1,0.28763484954833984,0.6026809215545654,0.10923433303833008,
128,64,127,0.01,0.03,1.1,20260954,grid,54,54,54,102,7,17.362151910763185,21,1,22,1,24,1,0.2865281105041504,0.5973968505859375,0.1098630428314209,
128,64,127,0.01,0.03,1.1,20260955,grid,54,54,54,104,9,14.672350163422001,18,1,19,1,21,1,0.28604888916015625,0.6129660606384277,0.11063575744628906,
128,64,127,0.01,0.05,1.1,20260956,grid,54,54,54,81,19,25.524466829793866,29,1,31,1,33,1,0.3001279830932617,0.6368157863616943,0.11615514755249023,
128,64,127,0.01,0.05,1.1,20260957,grid,54,54,54,82,22,23.16297822659791,27,1,28,1,30,1,0.3109440803527832,0.6135959625244141,0.11030077934265137,
128,64,127,0.01,0.05,1.1,20260958,grid,54,54,54,70,24,21.27763138042995,25,1,26,1,29,1,0.3549799919128418,0.6146278381347656,0.10967588424682617,
128,64,127,0.01,0.05,1.1,20260959,grid,54,54,54,85,19,23.113909013485404,27,1,28,1,31,1,0.3091249465942383,0.623333215713501,0.1105051040649414,
128,64,127,0.01,0.05,1.1,20260960,grid,54,54,54,84,19,21.595385418711388,26,1,27,1,29,1,0.30752992630004883,0.6192290782928467,0.11582398414611816,
128,64,127,0.02,0.08,1.1,20260961,grid,54,54,54,62,27,30.42426144598439,35,1,36,1,38,1,0.3030431270599365,0.6141929626464844,0.11689019203186035,
128,64,127,0.02,0.08,1.1,20260962,grid,54,54,54,73,24,32.924061392362944,37,1,38,1,40,1,0.3217000961303711,0.6119160652160645,0.10971975326538086,
128,64,127,0.02,0.08,1.1,20260963,grid,54,54,54,65,22,32.18579633816547,36,1,37,1,40,1,0.30246782302856445,0.5745730400085449,0.11117291450500488,
128,64,127,0.02,0.08,1.1,20260964,grid,54,54,54,72,24,33.30291086326128,37,1,39,1,41,1,0.29927992820739746,0.5785279273986816,0.11026215553283691,
128,64,127,0.02,0.08,1.1,20260965,grid,54,54,54,54,31,34.09602284334753,38,1,39,1,41,1,0.2886641025543213,0.5831549167633057,0.1087181568145752,
128,64,127,0.01,0.03,1.1,20260966,named,54,54,54,101,10,17.549738507180017,21,1,22,1,24,1,0.28749513626098633,0.6076459884643555,0.11101412773132324,
128,64,127,0.01,0.03,1.1,20260967,named,54,54,54,97,15,15.972760817846147,19,1,20,1,22,1,0.2853047847747803,0.6072220802307129,0.11011719703674316,
128,64,127,0.01,0.03,1.1,20260968,named,54,54,54,110,8,15.703151389167783,19,1,20,1,22,1,0.28647518157958984,0.6104059219360352,0.1093299388885498,
128,64,127,0.01,0.05,1.1,20260969,named,54,54,54,98,7,23.265599474000254,27,1,28,1,30,1,0.29990124702453613,0.6197021007537842,0.10811424255371094,
128,64,127,0.01,0.05,1.1,20260970,named,54,54,54,85,17,23.89014699968137,28,1,29,1,31,1,0.3766651153564453,0.6796209812164307,0.11028599739074707,
128,64,127,0.01,0.05,1.1,20260971,named,54,54,54,83,20,23.560219011268266,28,1,29,1,31,1,0.31897497177124023,0.6334240436553955,0.10938620567321777,
128,64,127,0.02,0.08,1.1,20260972,named,54,54,54,71,24,33.284481283163686,37,1,38,1,41,1,0.3105909824371338,0.5717487335205078,0.10929679870605469,
128,64,127,0.02,0.08,1.1,20260973,named,54,54,54,65,31,32.04014191909779,36,1,37,1,39,1,0.3062310218811035,0.5790669918060303,0.11066412925720215,
128,64,127,0.02,0.08,1.1,20260974,named,54,54,54,75,21,32.12238350501864,36,1,37,1,40,1,0.30277585983276367,0.5669140815734863,0.1109619140625,
252,126,127,0.01,0.03,1.1,20260975,named,103,103,103,194,23,42.4115709602412,47,1,49,1,51,1,1.1477041244506836,2.3876407146453857,0.4060359001159668,
252,126,127,0.01,0.03,1.1,20260976,named,103,103,103,191,19,36.888599731072084,42,1,43,1,46,1,1.1061949729919434,2.3819739818573,0.40476012229919434,
252,126,127,0.01,0.03,1.1,20260977,named,103,103,103,195,29,37.88967579194019,43,1,44,1,47,1,1.1375911235809326,2.374206781387329,0.40067005157470703,
252,126,127,0.01,0.05,1.1,20260978,named,103,103,103,149,45,52.257751419341325,58,1,59,1,62,1,1.1498639583587646,2.4286081790924072,0.4142799377441406,
252,126,127,0.01,0.05,1.1,20260979,named,103,103,103,169,32,47.86086509339551,53,1,55,1,58,1,1.144085168838501,2.2939870357513428,0.40389370918273926,
252,126,127,0.01,0.05,1.1,20260980,named,103,103,103,157,38,54.317538409763614,60,1,61,1,64,1,1.2120521068572998,2.3401761054992676,0.4062509536743164,
252,126,127,0.02,0.08,1.1,20260981,named,103,103,103,108,65,65.90280769272924,71,1,73,1,76,1,1.1572363376617432,2.381058692932129,0.4177837371826172,
252,126,127,0.02,0.08,1.1,20260982,named,103,103,103,100,56,66.32538850279974,72,1,73,1,76,1,1.1351959705352783,2.4394118785858154,0.4138648509979248,
252,126,127,0.02,0.08,1.1,20260983,named,103,103,103,110,64,65.85026529412977,71,1,73,1,76,1,1.1371209621429443,2.4126601219177246,0.43250393867492676,
548,274,127,0.01,0.03,1.1,20260984,named,222,222,222,395,67,91.72559423167154,99,1,101,1,105,1,5.665866851806641,11.795154094696045,1.9198708534240723,
548,274,127,0.01,0.03,1.1,20260985,named,222,222,222,387,62,90.87957002436188,98,1,100,1,104,1,5.489216089248657,11.696480989456177,1.89833402633667,
548,274,127,0.01,0.03,1.1,20260986,named,222,222,222,405,63,91.89168025956265,99,1,101,1,105,1,5.456459999084473,11.884981155395508,1.9029457569122314,
548,274,127,0.01,0.05,1.1,20260987,named,222,222,222,295,98,117.65724771372983,125,1,128,1,132,1,5.495697975158691,11.605473041534424,1.9779748916625977,
548,274,127,0.01,0.05,1.1,20260988,named,222,222,222,298,90,116.78453091688576,125,1,127,1,131,1,5.360209941864014,11.499993085861206,1.8886468410491943,
548,274,127,0.01,0.05,1.1,20260989,named,222,222,222,317,93,121.32208474919692,129,1,131,1,135,1,5.359652042388916,11.436264991760254,1.900120735168457,
548,274,127,0.02,0.08,1.1,20260990,named,222,222,222,217,132,156.32501608513667,164,1,166,1,170,1,5.469658136367798,11.54440188407898,1.8658537864685059,
548,274,127,0.02,0.08,1.1,20260991,named,222,222,222,179,142,156.1963695005294,164,1,166,1,170,1,5.340941905975342,11.646222114562988,1.8905878067016602,
548,274,127,0.02,0.08,1.1,20260992,named,222,222,222,204,148,164.3899113888632,172,1,174,1,178,1,5.3747429847717285,11.579757690429688,1.8706600666046143,
