n,k,q,alpha,beta,rmax,trial,seed,timestamp,m_pair_target,n_iter,max_trials_enum,budgets,gen_time_s,posterior_time_s,qhat_time_s,repair_time_s,total_time_s,rows_correct_full,rows_correct_support_only,n_rows_total,min_distance_C,min_distance_C_method,min_distance_Cprime,min_distance_Cprime_method,uniqueness_guaranteed,target_weight_used,iters_used,enum_failures,pairs_recovered,pairs_correct,avg_active_error_dim,max_active_error_dim,frac_r_le_rmax,avg_v_weight,success,error
30,15,7,0.01,0.05,1,0,1486448421,2026-07-23T05:05:44.212476+00:00,2,500,500,3,0.020045757293701172,0.0015988349914550781,0.008933305740356445,0.4882538318634033,0.5245490074157715,17,3,30,16,singleton_estimate,16,singleton_estimate,True,16,500,0,0,0,6.036,9,0.0,,False,
30,15,7,0.01,0.05,1,1,1408365877,2026-07-23T05:05:44.737882+00:00,2,500,500,3,0.000621795654296875,0.0014200210571289062,0.009134054183959961,0.48172688484191895,0.49445414543151855,21,0,30,16,singleton_estimate,16,singleton_estimate,True,16,500,0,0,0,4.796,8,0.0,,False,
30,15,7,0.01,0.05,1,2,1339012752,2026-07-23T05:05:45.233217+00:00,2,500,500,3,0.0006549358367919922,0.00144195556640625,0.009155035018920898,0.49013185501098633,0.5028691291809082,21,0,30,16,singleton_estimate,16,singleton_estimate,True,16,500,0,0,0,5.382,8,0.0,,False,
30,15,7,0.01,0.05,2,0,173374029,2026-07-23T05:05:45.736932+00:00,2,500,500,3,0.0006368160247802734,0.0014679431915283203,0.009116172790527344,0.10326981544494629,0.11600184440612793,23,0,30,16,singleton_estimate,16,singleton_estimate,True,16,11,0,2,2,2.7,3,0.3,14.5,True,
30,15,7,0.01,0.05,2,1,1655297662,2026-07-23T05:05:45.853726+00:00,2,500,500,3,0.0006239414215087891,0.0014488697052001953,0.009360313415527344,1.3744230270385742,1.3874330520629883,21,0,30,16,singleton_estimate,16,singleton_estimate,True,16,135,0,2,2,4.634328358208955,7,0.029850746268656716,13.0,True,
30,15,7,0.01,0.05,2,2,690681164,2026-07-23T05:05:47.241991+00:00,2,500,500,3,0.000640869140625,0.0014491081237792969,0.009676933288574219,5.10666298866272,5.119950771331787,17,1,30,16,singleton_estimate,16,singleton_estimate,True,16,500,0,0,0,6.024,9,0.0,,False,
30,15,7,0.01,0.05,3,0,500634548,2026-07-23T05:05:52.362809+00:00,2,500,500,3,0.0006539821624755859,0.0014319419860839844,0.01009988784790039,93.39237976074219,93.40608882904053,14,0,30,16,singleton_estimate,16,singleton_estimate,True,16,500,0,0,0,9.052,12,0.0,,False,
30,15,7,0.01,0.05,3,1,1528019424,2026-07-23T05:07:25.769770+00:00,2,500,500,3,0.0006799697875976562,0.0014340877532958984,0.009617090225219727,84.48919177055359,84.50255799293518,22,1,30,16,singleton_estimate,16,singleton_estimate,True,16,448,0,2,2,5.022371364653244,8,0.06487695749440715,12.0,True,
30,15,7,0.01,0.05,3,2,1262825402,2026-07-23T05:10:19.982755+00:00,2,500,500,3,0.020277023315429688,0.001603841781616211,0.009237051010131836,95.32586407661438,95.36261296272278,19,3,30,16,singleton_estimate,16,singleton_estimate,True,16,500,0,0,0,5.578,9,0.06,,False,
30,15,7,0.01,0.2,1,0,381285355,2026-07-23T05:11:55.346271+00:00,2,500,500,3,0.0006921291351318359,0.0014410018920898438,0.009516000747680664,0.4959719181060791,0.508991003036499,4,0,30,16,singleton_estimate,16,singleton_estimate,True,16,500,0,0,0,12.722,16,0.0,,False,
30,15,7,0.01,0.2,1,1,218846031,2026-07-23T05:11:55.856145+00:00,2,500,500,3,0.0006768703460693359,0.0014162063598632812,0.009436845779418945,0.49410462379455566,0.5071508884429932,3,3,30,16,singleton_estimate,16,singleton_estimate,True,16,500,0,0,0,12.286,16,0.0,,False,
30,15,7,0.01,0.2,1,2,182833286,2026-07-23T05:11:56.364164+00:00,2,500,500,3,0.0006961822509765625,0.0014488697052001953,0.009758949279785156,0.49237823486328125,0.505763053894043,3,3,30,16,singleton_estimate,16,singleton_estimate,True,16,500,0,0,0,14.096,16,0.0,,False,
30,15,7,0.01,0.2,2,0,542822338,2026-07-23T05:11:56.870811+00:00,2,500,500,3,0.0006866455078125,0.0014820098876953125,0.00936126708984375,5.360701084136963,5.373604774475098,6,0,30,16,singleton_estimate,16,singleton_estimate,True,16,500,0,0,0,13.122,16,0.0,,False,
30,15,7,0.01,0.2,2,1,1944838141,2026-07-23T05:12:02.245321+00:00,2,500,500,3,0.0006811618804931641,0.0014338493347167969,0.009653091430664062,5.269520044326782,5.282653093338013,3,0,30,16,singleton_estimate,16,singleton_estimate,True,16,500,0,0,0,12.312,15,0.0,,False,
30,15,7,0.01,0.2,2,2,1585860340,2026-07-23T05:12:07.528839+00:00,2,500,500,3,0.0006799697875976562,0.0014400482177734375,0.009844779968261719,5.6103880405426025,5.623835802078247,5,2,30,16,singleton_estimate,16,singleton_estimate,True,16,500,0,0,0,12.186,16,0.0,,False,
30,15,7,0.01,0.2,3,0,1886145176,2026-07-23T05:12:13.153561+00:00,2,500,500,3,0.0006639957427978516,0.0014238357543945312,0.011883974075317383,97.67825603485107,97.69706702232361,5,1,30,16,singleton_estimate,16,singleton_estimate,True,16,500,0,0,0,13.306,16,0.0,,False,
30,15,7,0.01,0.2,3,1,1711388479,2026-07-23T05:13:50.851487+00:00,2,500,500,3,0.0006718635559082031,0.0014400482177734375,0.010128021240234375,96.67239308357239,96.68601417541504,1,3,30,16,singleton_estimate,16,singleton_estimate,True,16,500,0,0,0,14.48,16,0.0,,False,
30,15,7,0.01,0.2,3,2,231843665,2026-07-23T05:15:27.538412+00:00,2,500,500,3,0.0006799697875976562,0.0014400482177734375,0.009829998016357422,95.43611168861389,95.449471950531,4,2,30,16,singleton_estimate,16,singleton_estimate,True,16,500,0,0,0,13.404,16,0.0,,False,
30,15,7,0.05,0.05,1,0,1891313758,2026-07-23T05:17:02.988799+00:00,2,500,500,3,0.0006902217864990234,0.0014262199401855469,0.00935506820678711,0.4720649719238281,0.4852569103240967,25,1,30,16,singleton_estimate,16,singleton_estimate,True,16,483,0,2,2,2.7448132780082988,5,0.08713692946058091,14.0,True,
30,15,7,0.05,0.05,1,1,1189912483,2026-07-23T05:17:03.474922+00:00,2,500,500,3,0.0006530284881591797,0.0014312267303466797,0.009385824203491211,0.4894390106201172,0.5024662017822266,17,1,30,16,singleton_estimate,16,singleton_estimate,True,16,500,0,0,0,5.942,9,0.0,,False,
30,15,7,0.05,0.05,1,2,1185602392,2026-07-23T05:17:03.978375+00:00,2,500,500,3,0.0006699562072753906,0.0014379024505615234,0.009489774703979492,0.5044610500335693,0.5177268981933594,20,3,30,16,singleton_estimate,16,singleton_estimate,True,16,500,0,0,0,3.49,7,0.034,,False,
30,15,7,0.05,0.05,2,0,2078801347,2026-07-23T05:17:04.497030+00:00,2,500,500,3,0.0006639957427978516,0.0014719963073730469,0.009251117706298828,5.487304925918579,5.5003440380096436,19,4,30,16,singleton_estimate,16,singleton_estimate,True,16,500,0,0,0,5.026,8,0.006,,False,
30,15,7,0.05,0.05,2,1,650764617,2026-07-23T05:17:09.998294+00:00,2,500,500,3,0.0006999969482421875,0.0014238357543945312,0.009783029556274414,5.225860834121704,5.239327907562256,17,0,30,16,singleton_estimate,16,singleton_estimate,True,16,500,0,0,0,6.652,10,0.002,,False,
30,15,7,0.05,0.05,2,2,220188398,2026-07-23T05:17:15.238471+00:00,2,500,500,3,0.0006589889526367188,0.0014247894287109375,0.014083147048950195,5.228553295135498,5.246294736862183,13,3,30,16,singleton_estimate,16,singleton_estimate,True,16,500,0,0,0,7.83,12,0.0,,False,
30,15,7,0.05,0.05,3,0,1296664080,2026-07-23T05:17:20.485671+00:00,2,500,500,3,0.0006718635559082031,0.0014281272888183594,0.009698867797851562,98.65749096870422,98.67086386680603,13,5,30,16,singleton_estimate,16,singleton_estimate,True,16,500,0,0,0,7.324,12,0.0,,False,
30,15,7,0.05,0.05,3,1,2035629862,2026-07-23T05:18:59.157447+00:00,2,500,500,3,0.0006659030914306641,0.0014719963073730469,0.009965181350708008,5.828334808349609,5.842016935348511,16,3,30,16,singleton_estimate,16,singleton_estimate,True,16,33,0,2,2,5.9375,9,0.0625,10.0,True,
30,15,7,0.05,0.05,3,2,1866449599,2026-07-23T05:19:05.000354+00:00,2,500,500,3,0.0006730556488037109,0.0014510154724121094,0.009362936019897461,92.51639127731323,92.5295090675354,20,5,30,16,singleton_estimate,16,singleton_estimate,True,16,500,0,0,0,5.562,8,0.026,,False,
30,15,7,0.05,0.2,1,0,410695542,2026-07-23T05:20:37.530782+00:00,2,500,500,3,0.0006830692291259766,0.0014781951904296875,0.009686946868896484,0.4984571933746338,0.5116562843322754,2,2,30,16,singleton_estimate,16,singleton_estimate,True,16,500,0,0,0,13.502,16,0.0,,False,
30,15,7,0.05,0.2,1,1,1469376446,2026-07-23T05:20:38.043374+00:00,2,500,500,3,0.00067901611328125,0.0016400814056396484,0.009211063385009766,0.5258796215057373,0.5387489795684814,2,0,30,16,singleton_estimate,16,singleton_estimate,True,16,500,0,0,0,13.69,16,0.0,,False,
30,15,7,0.05,0.2,1,2,1296327898,2026-07-23T05:20:38.582990+00:00,2,500,500,3,0.0006728172302246094,0.0016269683837890625,0.009522199630737305,0.5007829666137695,0.5139999389648438,4,1,30,16,singleton_estimate,16,singleton_estimate,True,16,500,0,0,0,12.612,16,0.0,,False,
30,15,7,0.05,0.2,2,0,1882784036,2026-07-23T05:20:39.097692+00:00,2,500,500,3,0.0006797313690185547,0.0016341209411621094,0.009557962417602539,5.3828020095825195,5.396080732345581,5,1,30,16,singleton_estimate,16,singleton_estimate,True,16,500,0,0,0,12.506,15,0.0,,False,
30,15,7,0.05,0.2,2,1,1801669174,2026-07-23T05:20:44.494694+00:00,2,500,500,3,0.0006890296936035156,0.0017120838165283203,0.009740829467773438,5.386253833770752,5.400083065032959,3,1,30,16,singleton_estimate,16,singleton_estimate,True,16,500,0,0,0,13.556,16,0.0,,False,
30,15,7,0.05,0.2,2,2,1475103019,2026-07-23T05:20:49.895683+00:00,2,500,500,3,0.0006849765777587891,0.0016179084777832031,0.009544134140014648,5.265536069869995,5.279107093811035,5,0,30,16,singleton_estimate,16,singleton_estimate,True,16,500,0,0,0,12.49,16,0.0,,False,
30,15,7,0.05,0.2,3,0,123213555,2026-07-23T05:20:55.175695+00:00,2,500,500,3,0.0006787776947021484,0.0016293525695800781,0.009509801864624023,96.00205206871033,96.01526975631714,2,1,30,16,singleton_estimate,16,singleton_estimate,True,16,500,0,0,0,12.984,16,0.0,,False,
30,15,7,0.05,0.2,3,1,2128415803,2026-07-23T05:22:31.191905+00:00,2,500,500,3,0.0006768703460693359,0.0016031265258789062,0.009946107864379883,101.38249492645264,101.39615678787231,5,1,30,16,singleton_estimate,16,singleton_estimate,True,16,500,0,0,0,12.044,15,0.0,,False,
30,15,7,0.05,0.2,3,2,1629193539,2026-07-23T05:24:12.588954+00:00,2,500,500,3,0.0006940364837646484,0.0016109943389892578,0.009769916534423828,95.41046094894409,95.42401099205017,4,3,30,16,singleton_estimate,16,singleton_estimate,True,16,500,0,0,0,12.528,16,0.0,,False,
30,15,13,0.01,0.05,1,0,551332383,2026-07-23T05:25:48.014009+00:00,2,500,500,3,0.0010771751403808594,0.01162099838256836,0.010420083999633789,0.044924259185791016,0.06977200508117676,23,1,30,16,singleton_estimate,16,singleton_estimate,True,16,44,0,2,2,3.883720930232558,6,0.046511627906976744,12.0,True,
30,15,13,0.01,0.05,1,1,968946258,2026-07-23T05:25:48.084645+00:00,2,500,500,3,0.0007131099700927734,0.002218961715698242,0.01044607162475586,0.14792895317077637,0.16296982765197754,23,2,30,16,singleton_estimate,16,singleton_estimate,True,16,140,0,2,2,3.1510791366906474,6,0.014388489208633094,15.0,True,
30,15,13,0.01,0.05,1,2,76810018,2026-07-23T05:25:48.248589+00:00,2,500,500,3,0.0007228851318359375,0.0022630691528320312,0.010476112365722656,0.5284621715545654,0.5435209274291992,22,2,30,16,singleton_estimate,16,singleton_estimate,True,16,500,0,0,0,4.81,7,0.0,,False,
30,15,13,0.01,0.05,2,0,1046335699,2026-07-23T05:25:48.793128+00:00,2,500,500,3,0.0008101463317871094,0.0022821426391601562,0.010133028030395508,5.60613489151001,5.620980262756348,23,3,30,16,singleton_estimate,16,singleton_estimate,True,16,500,0,0,0,3.888,7,0.07,,False,
30,15,13,0.01,0.05,2,1,1824776134,2026-07-23T05:25:54.415137+00:00,2,500,500,3,0.0007700920104980469,0.002331972122192383,0.01075291633605957,5.751097679138184,5.76655912399292,19,1,30,16,singleton_estimate,16,singleton_estimate,True,16,500,0,0,0,7.4,10,0.0,,False,
30,15,13,0.01,0.05,2,2,240592427,2026-07-23T05:26:00.182617+00:00,2,500,500,3,0.0007228851318359375,0.002235889434814453,0.024138927459716797,5.742965936660767,5.773011922836304,20,2,30,16,singleton_estimate,16,singleton_estimate,True,16,500,0,0,0,5.78,8,0.0,,False,
30,15,13,0.01,0.05,3,0,14346208,2026-07-23T05:26:05.956564+00:00,2,500,500,3,0.0007290840148925781,0.0023109912872314453,0.010509014129638672,107.53421688079834,107.54936909675598,18,4,30,16,singleton_estimate,16,singleton_estimate,True,16,500,0,0,0,7.75,10,0.0,,False,
30,15,13,0.01,0.05,3,1,561505619,2026-07-23T05:27:53.506848+00:00,2,500,500,3,0.0007281303405761719,0.0022230148315429688,0.010421991348266602,108.45524716377258,108.47025609016418,22,2,30,16,singleton_estimate,16,singleton_estimate,True,16,500,0,0,0,5.634,8,0.006,,False,
30,15,13,0.01,0.05,3,2,1834792692,2026-07-23T05:29:41.978067+00:00,2,500,500,3,0.0007500648498535156,0.002289295196533203,0.010464668273925781,108.38767910003662,108.40283727645874,20,1,30,16,singleton_estimate,16,singleton_estimate,True,16,500,0,0,0,5.124,7,0.02,,False,
30,15,13,0.01,0.2,1,0,702112837,2026-07-23T05:31:30.381930+00:00,2,500,500,3,0.0007779598236083984,0.00232696533203125,0.010590076446533203,0.5307750701904297,0.5458619594573975,5,1,30,16,singleton_estimate,16,singleton_estimate,True,16,500,0,0,0,12.408,15,0.0,,False,
30,15,13,0.01,0.2,1,1,1555541084,2026-07-23T05:31:30.928739+00:00,2,500,500,3,0.0007479190826416016,0.0022652149200439453,0.019159793853759766,0.5357246398925781,0.5611929893493652,4,4,30,16,singleton_estimate,16,singleton_estimate,True,16,500,0,0,0,12.42,15,0.0,,False,
30,15,13,0.01,0.2,1,2,33864271,2026-07-23T05:31:31.490924+00:00,2,500,500,3,0.0007669925689697266,0.0023391246795654297,0.010223865509033203,0.5275380611419678,0.5425279140472412,6,6,30,16,singleton_estimate,16,singleton_estimate,True,16,500,0,0,0,10.588,14,0.0,,False,
30,15,13,0.01,0.2,2,0,1100372924,2026-07-23T05:31:32.034460+00:00,2,500,500,3,0.0007529258728027344,0.002285003662109375,0.010311126708984375,5.68422794342041,5.698972940444946,6,3,30,16,singleton_estimate,16,singleton_estimate,True,16,500,0,0,0,12.92,15,0.0,,False,
30,15,13,0.01,0.2,2,1,507175707,2026-07-23T05:31:37.734392+00:00,2,500,500,3,0.0007512569427490234,0.0022478103637695312,0.010530710220336914,5.625579118728638,5.640491008758545,4,3,30,16,singleton_estimate,16,singleton_estimate,True,16,500,0,0,0,12.392,15,0.0,,False,
30,15,13,0.01,0.2,2,2,1244228124,2026-07-23T05:31:43.375826+00:00,2,500,500,3,0.0007638931274414062,0.002269744873046875,0.010457277297973633,5.638177871704102,5.65305757522583,4,3,30,16,singleton_estimate,16,singleton_estimate,True,16,500,0,0,0,13.118,16,0.0,,False,
30,15,13,0.01,0.2,3,0,1571946781,2026-07-23T05:31:49.029804+00:00,2,500,500,3,0.000743865966796875,0.0022802352905273438,0.010675907135009766,103.57052206993103,103.58561611175537,4,3,30,16,singleton_estimate,16,singleton_estimate,True,16,500,0,0,0,12.344,15,0.0,,False,
30,15,13,0.01,0.2,3,1,2013406071,2026-07-23T05:33:32.616359+00:00,2,500,500,3,0.0007450580596923828,0.0022661685943603516,0.010489702224731445,109.02805089950562,109.04297518730164,5,5,30,16,singleton_estimate,16,singleton_estimate,True,16,500,0,0,0,13.094,15,0.0,,False,
30,15,13,0.01,0.2,3,2,1285385748,2026-07-23T05:35:21.660265+00:00,2,500,500,3,0.0007538795471191406,0.0023000240325927734,0.01055002212524414,107.51513814926147,107.53016400337219,5,4,30,16,singleton_estimate,16,singleton_estimate,True,16,500,0,0,0,11.564,14,0.0,,False,
30,15,13,0.05,0.05,1,0,70377934,2026-07-23T05:37:09.191421+00:00,2,500,500,3,0.0007386207580566406,0.002274036407470703,0.010496139526367188,0.5237040519714355,0.5387637615203857,14,3,30,16,singleton_estimate,16,singleton_estimate,True,16,500,0,0,0,8.148,11,0.0,,False,
30,15,13,0.05,0.05,1,1,1956205541,2026-07-23T05:37:09.731193+00:00,2,500,500,3,0.0007450580596923828,0.002254962921142578,0.010277986526489258,0.5240371227264404,0.5388720035552979,17,1,30,16,singleton_estimate,16,singleton_estimate,True,16,500,0,0,0,6.904,10,0.0,,False,
30,15,13,0.05,0.05,1,2,18220886,2026-07-23T05:37:10.271091+00:00,2,500,500,3,0.0008189678192138672,0.002276897430419922,0.010001182556152344,0.5468838214874268,0.5614748001098633,16,0,30,16,singleton_estimate,16,singleton_estimate,True,16,500,0,0,0,6.356,9,0.0,,False,
30,15,13,0.05,0.05,2,0,1442254275,2026-07-23T05:37:10.833591+00:00,2,500,500,3,0.0007441043853759766,0.0023059844970703125,0.00999903678894043,5.543766021728516,5.558404207229614,20,2,30,16,singleton_estimate,16,singleton_estimate,True,16,500,0,0,0,5.712,8,0.0,,False,
30,15,13,0.05,0.05,2,1,479859979,2026-07-23T05:37:16.392979+00:00,2,500,500,3,0.0009169578552246094,0.0027382373809814453,0.01088094711303711,5.895692825317383,5.911872863769531,20,3,30,16,singleton_estimate,16,singleton_estimate,True,16,500,0,0,0,4.288,7,0.004,,False,
30,15,13,0.05,0.05,2,2,305663690,2026-07-23T05:37:22.305846+00:00,2,500,500,3,0.0007412433624267578,0.0023179054260253906,0.010515213012695312,5.643146991729736,5.65857720375061,20,5,30,16,singleton_estimate,16,singleton_estimate,True,16,500,0,0,0,5.828,8,0.002,,False,
30,15,13,0.05,0.05,3,0,1615188356,2026-07-23T05:37:27.965375+00:00,2,500,500,3,0.0007266998291015625,0.0022509098052978516,0.010452032089233398,107.75665092468262,107.77169990539551,23,2,30,16,singleton_estimate,16,singleton_estimate,True,16,500,0,1,1,4.742,7,0.062,15.0,False,
30,15,13,0.05,0.05,3,1,897842538,2026-07-23T05:39:15.738086+00:00,2,500,500,3,0.0007581710815429688,0.0022957324981689453,0.010503053665161133,104.45615100860596,104.47127294540405,19,1,30,16,singleton_estimate,16,singleton_estimate,True,16,500,0,0,0,6.554,9,0.0,,False,
30,15,13,0.05,0.05,3,2,731631069,2026-07-23T05:41:00.210311+00:00,2,500,500,3,0.0007281303405761719,0.002287149429321289,0.010389089584350586,107.52449607849121,107.53959918022156,24,6,30,16,singleton_estimate,16,singleton_estimate,True,16,500,0,0,0,3.118,5,0.758,,False,
30,15,13,0.05,0.2,1,0,2075276866,2026-07-23T05:42:47.750906+00:00,2,500,500,3,0.0007569789886474609,0.0022971630096435547,0.010827064514160156,0.5261979103088379,0.5415229797363281,6,2,30,16,singleton_estimate,16,singleton_estimate,True,16,500,0,0,0,12.77,16,0.0,,False,
30,15,13,0.05,0.2,1,1,332938354,2026-07-23T05:42:48.293432+00:00,2,500,500,3,0.0007522106170654297,0.002290010452270508,0.010419845581054688,0.5276010036468506,0.5424492359161377,5,3,30,16,singleton_estimate,16,singleton_estimate,True,16,500,0,0,0,13.714,16,0.0,,False,
30,15,13,0.05,0.2,1,2,1926025663,2026-07-23T05:42:48.836843+00:00,2,500,500,3,0.0007569789886474609,0.002271890640258789,0.010485172271728516,0.5230131149291992,0.5378952026367188,5,1,30,16,singleton_estimate,16,singleton_estimate,True,16,500,0,0,0,13.008,15,0.0,,False,
30,15,13,0.05,0.2,2,0,1412869117,2026-07-23T05:42:49.375731+00:00,2,500,500,3,0.000762939453125,0.002299785614013672,0.010262012481689453,5.681788206100464,5.696523666381836,7,3,30,16,singleton_estimate,16,singleton_estimate,True,16,500,0,0,0,12.786,15,0.0,,False,
30,15,13,0.05,0.2,2,1,1531576508,2026-07-23T05:42:55.073266+00:00,2,500,500,3,0.0007617473602294922,0.002300262451171875,0.010619878768920898,5.722875356674194,5.737972974777222,3,4,30,16,singleton_estimate,16,singleton_estimate,True,16,500,0,0,0,14.166,16,0.0,,False,
30,15,13,0.05,0.2,2,2,151361168,2026-07-23T05:43:00.812210+00:00,2,500,500,3,0.0007531642913818359,0.00226593017578125,0.010488033294677734,5.747225046157837,5.762173175811768,5,6,30,16,singleton_estimate,16,singleton_estimate,True,16,500,0,0,0,13.924,16,0.0,,False,
30,15,13,0.05,0.2,3,0,1260274397,2026-07-23T05:43:06.575369+00:00,2,500,500,3,0.0007562637329101562,0.002296924591064453,0.010505914688110352,110.34897875785828,110.36390209197998,3,3,30,16,singleton_estimate,16,singleton_estimate,True,16,500,0,0,0,14.27,16,0.0,,False,
30,15,13,0.05,0.2,3,1,1176148750,2026-07-23T05:44:56.940178+00:00,2,500,500,3,0.0007569789886474609,0.0023200511932373047,0.010642766952514648,107.81005692481995,107.8251941204071,5,4,30,16,singleton_estimate,16,singleton_estimate,True,16,500,0,0,0,11.482,14,0.0,,False,
30,15,13,0.05,0.2,3,2,1972567847,2026-07-23T05:46:44.766311+00:00,2,500,500,3,0.0007519721984863281,0.002525806427001953,0.010603189468383789,103.70239496231079,103.71771287918091,3,5,30,16,singleton_estimate,16,singleton_estimate,True,16,500,0,0,0,12.468,15,0.0,,False,
50,25,7,0.01,0.05,1,0,428909666,2026-07-23T05:48:28.484970+00:00,2,500,500,3,0.0018520355224609375,0.004707813262939453,0.04103589057922363,1.2456879615783691,1.2969541549682617,28,0,50,26,singleton_estimate,26,singleton_estimate,True,26,500,0,0,0,11.954,16,0.0,,False,
50,25,7,0.01,0.05,1,1,846612772,2026-07-23T05:48:29.783046+00:00,2,500,500,3,0.0016088485717773438,0.0045011043548583984,0.04053092002868652,1.2426748275756836,1.2927649021148682,21,2,50,26,singleton_estimate,26,singleton_estimate,True,26,500,0,0,0,12.094,17,0.0,,False,
50,25,7,0.01,0.05,1,2,1869045096,2026-07-23T05:48:31.076934+00:00,2,500,500,3,0.0015211105346679688,0.004572868347167969,0.04065823554992676,1.2522428035736084,1.3027842044830322,30,2,50,26,singleton_estimate,26,singleton_estimate,True,26,500,0,0,0,10.312,14,0.0,,False,
50,25,7,0.01,0.05,2,0,1275745587,2026-07-23T05:48:32.380838+00:00,2,500,500,3,0.0015475749969482422,0.004004955291748047,0.04027700424194336,21.963216066360474,22.012476921081543,24,1,50,26,singleton_estimate,26,singleton_estimate,True,26,500,0,0,0,13.582,18,0.0,,False,
50,25,7,0.01,0.05,2,1,1484114029,2026-07-23T05:48:54.394362+00:00,2,500,500,3,0.0014939308166503906,0.003885984420776367,0.04059195518493652,22.465927124023438,22.515336990356445,21,1,50,26,singleton_estimate,26,singleton_estimate,True,26,500,0,0,0,12.84,17,0.0,,False,
50,25,7,0.01,0.05,2,2,553053025,2026-07-23T05:49:16.910787+00:00,2,500,500,3,0.0014998912811279297,0.0040130615234375,0.040593862533569336,22.289649724960327,22.339195013046265,20,0,50,26,singleton_estimate,26,singleton_estimate,True,26,500,0,0,0,12.216,16,0.0,,False,
50,25,7,0.01,0.05,3,0,1161130415,2026-07-23T05:49:39.251147+00:00,2,500,500,3,0.0014777183532714844,0.00451207160949707,0.041555166244506836,733.5865261554718,733.6375679969788,19,3,50,26,singleton_estimate,26,singleton_estimate,True,26,500,0,0,0,14.624,19,0.0,,False,
50,25,7,0.01,0.05,3,1,896612486,2026-07-23T06:01:52.889802+00:00,2,500,500,3,0.0015339851379394531,0.004012107849121094,0.040731191635131836,717.2952971458435,717.345174074173,23,4,50,26,singleton_estimate,26,singleton_estimate,True,26,500,0,0,0,11.852,16,0.0,,False,
50,25,7,0.01,0.05,3,2,1200194459,2026-07-23T06:13:50.236069+00:00,2,500,500,3,0.0014989376068115234,0.003922939300537109,0.04080820083618164,708.586788892746,708.636656999588,25,4,50,26,singleton_estimate,26,singleton_estimate,True,26,500,0,0,0,13.038,18,0.0,,False,
50,25,7,0.01,0.2,1,0,577052580,2026-07-23T06:25:38.873848+00:00,2,500,500,3,0.0015559196472167969,0.003957033157348633,0.025995969772338867,1.2567548751831055,1.2914178371429443,5,1,50,26,singleton_estimate,26,singleton_estimate,True,26,500,0,0,0,21.84,26,0.0,,False,
50,25,7,0.01,0.2,1,1,694251441,2026-07-23T06:25:40.166368+00:00,2,500,500,3,0.0015149116516113281,0.003849029541015625,0.02562117576599121,1.2461328506469727,1.280290126800537,2,5,50,26,singleton_estimate,26,singleton_estimate,True,26,500,0,0,0,22.876,26,0.0,,False,
50,25,7,0.01,0.2,1,2,2143202033,2026-07-23T06:25:41.447777+00:00,2,500,500,3,0.0015521049499511719,0.004464864730834961,0.02737116813659668,1.2766079902648926,1.3131561279296875,4,2,50,26,singleton_estimate,26,singleton_estimate,True,26,500,0,0,0,21.294,25,0.0,,False,
50,25,7,0.01,0.2,2,0,1375570564,2026-07-23T06:25:42.762067+00:00,2,500,500,3,0.0015211105346679688,0.003920793533325195,0.025678157806396484,22.223026275634766,22.257259130477905,4,2,50,26,singleton_estimate,26,singleton_estimate,True,26,500,0,0,0,22.012,25,0.0,,False,
50,25,7,0.01,0.2,2,1,1674603136,2026-07-23T06:26:05.020376+00:00,2,500,500,3,0.0015120506286621094,0.003905057907104492,0.025961875915527344,22.13015604019165,22.164653062820435,4,1,50,26,singleton_estimate,26,singleton_estimate,True,26,500,0,0,0,21.206,25,0.0,,False,
50,25,7,0.01,0.2,2,2,1182162135,2026-07-23T06:26:27.186078+00:00,2,500,500,3,0.0015451908111572266,0.004048824310302734,0.0258791446685791,21.771554946899414,21.806111097335815,3,0,50,26,singleton_estimate,26,singleton_estimate,True,26,500,0,0,0,21.84,26,0.0,,False,
50,25,7,0.01,0.2,3,0,2118864847,2026-07-23T06:26:48.993300+00:00,2,500,500,3,0.0015401840209960938,0.00394892692565918,0.026073932647705078,722.317479133606,722.3522441387177,6,2,50,26,singleton_estimate,26,singleton_estimate,True,26,500,0,0,0,21.1,25,0.0,,False,
50,25,7,0.01,0.2,3,1,134086771,2026-07-23T06:38:51.346619+00:00,2,500,500,3,0.0015277862548828125,0.003898143768310547,0.026104211807250977,709.6108500957489,709.6455309391022,3,2,50,26,singleton_estimate,26,singleton_estimate,True,26,500,0,0,0,22.692,26,0.0,,False,
50,25,7,0.01,0.2,3,2,1139224289,2026-07-23T06:50:40.993234+00:00,2,500,500,3,0.0015590190887451172,0.0043599605560302734,0.026736021041870117,690.4512820243835,690.487105846405,6,1,50,26,singleton_estimate,26,singleton_estimate,True,26,500,0,0,0,20.112,25,0.0,,False,
50,25,7,0.05,0.05,1,0,306644112,2026-07-23T07:02:11.481475+00:00,2,500,500,3,0.0015020370483398438,0.0038797855377197266,0.025838136672973633,1.2666938304901123,1.301468849182129,23,2,50,26,singleton_estimate,26,singleton_estimate,True,26,500,0,0,0,11.72,16,0.0,,False,
50,25,7,0.05,0.05,1,1,196308904,2026-07-23T07:02:12.783852+00:00,2,500,500,3,0.0014920234680175781,0.00403904914855957,0.0254819393157959,1.269036054611206,1.3033640384674072,14,3,50,26,singleton_estimate,26,singleton_estimate,True,26,500,0,0,0,18.032,22,0.0,,False,
50,25,7,0.05,0.05,1,2,1569328631,2026-07-23T07:02:14.088344+00:00,2,500,500,3,0.0014841556549072266,0.003821134567260742,0.02517867088317871,1.249588966369629,1.2836439609527588,21,2,50,26,singleton_estimate,26,singleton_estimate,True,26,500,0,0,0,15.694,20,0.0,,False,
50,25,7,0.05,0.05,2,0,830085649,2026-07-23T07:02:15.373159+00:00,2,500,500,3,0.0015041828155517578,0.0038619041442871094,0.025210857391357422,22.594324827194214,22.628640174865723,33,2,50,26,singleton_estimate,26,singleton_estimate,True,26,500,0,0,0,7.142,13,0.0,,False,
50,25,7,0.05,0.05,2,1,1922763187,2026-07-23T07:02:38.002905+00:00,2,500,500,3,0.0014929771423339844,0.003941059112548828,0.026196002960205078,21.750314950942993,21.785784006118774,27,1,50,26,singleton_estimate,26,singleton_estimate,True,26,500,0,0,0,11.074,15,0.0,,False,
50,25,7,0.05,0.05,2,2,1489016830,2026-07-23T07:02:59.789835+00:00,2,500,500,3,0.0014879703521728516,0.003907918930053711,0.025628089904785156,21.941670894622803,21.97633194923401,26,3,50,26,singleton_estimate,26,singleton_estimate,True,26,500,0,0,0,12.14,17,0.0,,False,
50,25,7,0.05,0.05,3,0,143046123,2026-07-23T07:03:21.767318+00:00,2,500,500,3,0.0014951229095458984,0.003902912139892578,0.025799036026000977,724.0073101520538,724.0419371128082,19,1,50,26,singleton_estimate,26,singleton_estimate,True,26,500,0,0,0,15.18,20,0.0,,False,
50,25,7,0.05,0.05,3,1,489201249,2026-07-23T07:15:25.810388+00:00,2,500,500,3,0.0014913082122802734,0.014197111129760742,0.025670766830444336,711.463210105896,711.5081133842468,20,3,50,26,singleton_estimate,26,singleton_estimate,True,26,500,0,0,0,13.486,18,0.0,,False,
50,25,7,0.05,0.05,3,2,226751092,2026-07-23T07:27:17.319615+00:00,2,500,500,3,0.0014929771423339844,0.003943920135498047,0.04286003112792969,717.7427430152893,717.7947180271149,31,3,50,26,singleton_estimate,26,singleton_estimate,True,26,500,0,0,0,8.674,13,0.0,,False,
50,25,7,0.05,0.2,1,0,1168407253,2026-07-23T07:39:15.115651+00:00,2,500,500,3,0.0016016960144042969,0.004099130630493164,0.027907133102416992,1.2703170776367188,1.3071768283843994,7,1,50,26,singleton_estimate,26,singleton_estimate,True,26,500,0,0,0,20.88,25,0.0,,False,
50,25,7,0.05,0.2,1,1,693421983,2026-07-23T07:39:16.423660+00:00,2,500,500,3,0.0015208721160888672,0.003955841064453125,0.025559186935424805,1.2364180088043213,1.27069091796875,2,3,50,26,singleton_estimate,26,singleton_estimate,True,26,500,0,0,0,23.596,26,0.0,,False,
50,25,7,0.05,0.2,1,2,1279471825,2026-07-23T07:39:17.695439+00:00,2,500,500,3,0.0015349388122558594,0.003936052322387695,0.026034832000732422,1.2476630210876465,1.2821910381317139,3,1,50,26,singleton_estimate,26,singleton_estimate,True,26,500,0,0,0,22.154,26,0.0,,False,
50,25,7,0.05,0.2,2,0,398409002,2026-07-23T07:39:18.978710+00:00,2,500,500,3,0.0015001296997070312,0.004502773284912109,0.025985002517700195,22.325540781021118,22.360649824142456,3,1,50,26,singleton_estimate,26,singleton_estimate,True,26,500,0,0,0,22.026,26,0.0,,False,
50,25,7,0.05,0.2,2,1,926994983,2026-07-23T07:39:41.340490+00:00,2,500,500,3,0.0015380382537841797,0.0039539337158203125,0.025843143463134766,22.32985782623291,22.36444592475891,4,2,50,26,singleton_estimate,26,singleton_estimate,True,26,500,0,0,0,22.754,26,0.0,,False,
50,25,7,0.05,0.2,2,2,2127532494,2026-07-23T07:40:03.705833+00:00,2,500,500,3,0.001499176025390625,0.0038559436798095703,0.025616168975830078,22.69552493095398,22.729774236679077,1,1,50,26,singleton_estimate,26,singleton_estimate,True,26,500,0,0,0,23.852,26,0.0,,False,
50,25,7,0.05,0.2,3,0,599300447,2026-07-23T07:40:26.436721+00:00,2,500,500,3,0.001524209976196289,0.0038988590240478516,0.025665998458862305,695.3803241252899,695.4146029949188,5,2,50,26,singleton_estimate,26,singleton_estimate,True,26,500,0,0,0,20.974,25,0.0,,False,
50,25,7,0.05,0.2,3,1,1059712824,2026-07-23T07:52:01.852472+00:00,2,500,500,3,0.0015268325805664062,0.003893136978149414,0.02628302574157715,715.1753330230713,715.2101697921753,4,1,50,26,singleton_estimate,26,singleton_estimate,True,26,500,0,0,0,21.216,25,0.0,,False,
50,25,7,0.05,0.2,3,2,302996494,2026-07-23T08:03:57.063791+00:00,2,500,500,3,0.0015659332275390625,0.004652976989746094,0.02658390998840332,714.255383014679,714.291347026825,5,2,50,26,singleton_estimate,26,singleton_estimate,True,26,500,0,0,0,21.148,25,0.0,,False,
50,25,13,0.01,0.05,1,0,643418657,2026-07-23T08:15:51.356245+00:00,2,500,500,3,0.0020089149475097656,0.006737947463989258,0.04280686378479004,1.3372001647949219,1.3925161361694336,29,4,50,26,singleton_estimate,26,singleton_estimate,True,26,500,0,0,0,11.516,15,0.0,,False,
50,25,13,0.01,0.05,1,1,1950036685,2026-07-23T08:15:52.750056+00:00,2,500,500,3,0.0016942024230957031,0.006070852279663086,0.04216432571411133,1.3320751190185547,1.3856010437011719,26,3,50,26,singleton_estimate,26,singleton_estimate,True,26,500,0,0,0,15.806,19,0.0,,False,
50,25,13,0.01,0.05,1,2,1539692278,2026-07-23T08:15:54.136953+00:00,2,500,500,3,0.0017490386962890625,0.006150007247924805,0.04190802574157715,1.3403728008270264,1.3938651084899902,32,1,50,26,singleton_estimate,26,singleton_estimate,True,26,500,0,0,0,9.672,13,0.0,,False,
50,25,13,0.01,0.05,2,0,117510301,2026-07-23T08:15:55.532110+00:00,2,500,500,3,0.0017359256744384766,0.006202220916748047,0.04190182685852051,24.01487421989441,24.068451166152954,25,3,50,26,singleton_estimate,26,singleton_estimate,True,26,500,0,0,0,12.85,16,0.0,,False,
50,25,13,0.01,0.05,2,1,585572677,2026-07-23T08:16:19.601822+00:00,2,500,500,3,0.0017142295837402344,0.006222724914550781,0.04226207733154297,23.73716974258423,23.791030883789062,28,4,50,26,singleton_estimate,26,singleton_estimate,True,26,500,0,0,0,9.904,13,0.0,,False,
50,25,13,0.01,0.05,2,2,1763130975,2026-07-23T08:16:43.394036+00:00,2,500,500,3,0.0017161369323730469,0.006260871887207031,0.04242300987243652,23.92096471786499,23.97522497177124,30,6,50,26,singleton_estimate,26,singleton_estimate,True,26,500,0,0,0,10.718,14,0.0,,False,
50,25,13,0.01,0.05,3,0,1330392825,2026-07-23T08:17:07.370563+00:00,2,500,500,3,0.001725912094116211,0.00638580322265625,0.04224109649658203,791.1954579353333,791.2494578361511,27,3,50,26,singleton_estimate,26,singleton_estimate,True,26,500,0,0,0,11.706,15,0.0,,False,
50,25,13,0.01,0.05,3,1,501338871,2026-07-23T08:30:18.621226+00:00,2,500,500,3,0.001703023910522461,0.006279945373535156,0.04206705093383789,792.1938691139221,792.2477421760559,36,3,50,26,singleton_estimate,26,singleton_estimate,True,26,500,0,0,0,8.46,11,0.0,,False,
50,25,13,0.01,0.05,3,2,1058056967,2026-07-23T08:43:30.870257+00:00,2,500,500,3,0.0017137527465820312,0.0069179534912109375,0.042996883392333984,797.6086578369141,797.6640498638153,32,4,50,26,singleton_estimate,26,singleton_estimate,True,26,500,0,0,0,8.15,11,0.0,,False,
50,25,13,0.01,0.2,1,0,985948546,2026-07-23T08:56:48.535572+00:00,2,500,500,3,0.0017361640930175781,0.006451129913330078,0.028625965118408203,1.3568580150604248,1.3970279693603516,11,6,50,26,singleton_estimate,26,singleton_estimate,True,26,500,0,0,0,20.526,23,0.0,,False,
50,25,13,0.01,0.2,1,1,1877914715,2026-07-23T08:56:49.933655+00:00,2,500,500,3,0.0017468929290771484,0.006139278411865234,0.028868913650512695,1.3339738845825195,1.3740520477294922,10,3,50,26,singleton_estimate,26,singleton_estimate,True,26,500,0,0,0,20.642,24,0.0,,False,
50,25,13,0.01,0.2,1,2,231017154,2026-07-23T08:56:51.308967+00:00,2,500,500,3,0.0017406940460205078,0.0068111419677734375,0.028659820556640625,1.3437926769256592,1.3842177391052246,9,4,50,26,singleton_estimate,26,singleton_estimate,True,26,500,0,0,0,19.916,23,0.0,,False,
50,25,13,0.01,0.2,2,0,2012829460,2026-07-23T08:56:52.694239+00:00,2,500,500,3,0.0017881393432617188,0.006204843521118164,0.028537750244140625,23.893833875656128,23.93353581428528,11,0,50,26,singleton_estimate,26,singleton_estimate,True,26,500,0,0,0,19.816,23,0.0,,False,
50,25,13,0.01,0.2,2,1,1613552245,2026-07-23T08:57:16.629039+00:00,2,500,500,3,0.0017437934875488281,0.006208181381225586,0.02867293357849121,23.795183897018433,23.8350567817688,7,4,50,26,singleton_estimate,26,singleton_estimate,True,26,500,0,0,0,19.202,22,0.0,,False,
50,25,13,0.01,0.2,2,2,1240325321,2026-07-23T08:57:40.465422+00:00,2,500,500,3,0.0017578601837158203,0.006849050521850586,0.029047012329101562,23.916234970092773,23.95714783668518,7,5,50,26,singleton_estimate,26,singleton_estimate,True,26,500,0,0,0,21.072,24,0.0,,False,
50,25,13,0.01,0.2,3,0,1745776393,2026-07-23T08:58:04.423831+00:00,2,500,500,3,0.001756906509399414,0.006231069564819336,0.02876901626586914,774.5182757377625,774.5582149028778,7,2,50,26,singleton_estimate,26,singleton_estimate,True,26,500,0,0,0,22.414,25,0.0,,False,
50,25,13,0.01,0.2,3,1,1868683941,2026-07-23T09:10:58.983320+00:00,2,500,500,3,0.0017349720001220703,0.006134986877441406,0.029909133911132812,794.3002369403839,794.3413460254669,6,3,50,26,singleton_estimate,26,singleton_estimate,True,26,500,0,0,0,21.866,24,0.0,,False,
50,25,13,0.01,0.2,3,2,1267259812,2026-07-23T09:24:13.325943+00:00,2,500,500,3,0.0017888545989990234,0.006242036819458008,0.02901315689086914,772.0520708560944,772.0922749042511,3,4,50,26,singleton_estimate,26,singleton_estimate,True,26,500,0,0,0,23.572,26,0.0,,False,
50,25,13,0.05,0.05,1,0,186619138,2026-07-23T09:37:05.419517+00:00,2,500,500,3,0.0016849040985107422,0.006340980529785156,0.029215097427368164,1.3414347171783447,1.382159948348999,21,2,50,26,singleton_estimate,26,singleton_estimate,True,26,500,0,0,0,16.402,19,0.0,,False,
50,25,13,0.05,0.05,1,1,157714141,2026-07-23T09:37:06.803041+00:00,2,500,500,3,0.001743316650390625,0.006880998611450195,0.028734922409057617,1.353776216506958,1.3948192596435547,23,8,50,26,singleton_estimate,26,singleton_estimate,True,26,500,0,0,0,15.376,19,0.0,,False,
50,25,13,0.05,0.05,1,2,1965904474,2026-07-23T09:37:08.199163+00:00,2,500,500,3,0.0017578601837158203,0.006144046783447266,0.028420209884643555,1.348658800125122,1.3885917663574219,26,3,50,26,singleton_estimate,26,singleton_estimate,True,26,500,0,0,0,12.632,17,0.0,,False,
50,25,13,0.05,0.05,2,0,1322831590,2026-07-23T09:37:09.589067+00:00,2,500,500,3,0.0016980171203613281,0.006164073944091797,0.028258085250854492,23.803542852401733,23.84331226348877,30,1,50,26,singleton_estimate,26,singleton_estimate,True,26,500,0,0,0,9.956,13,0.0,,False,
50,25,13,0.05,0.05,2,1,1276185263,2026-07-23T09:37:33.433692+00:00,2,500,500,3,0.0016651153564453125,0.006834745407104492,0.03797769546508789,23.5347740650177,23.58506178855896,28,5,50,26,singleton_estimate,26,singleton_estimate,True,26,500,0,0,0,13.25,17,0.0,,False,
50,25,13,0.05,0.05,2,2,848908685,2026-07-23T09:37:57.019828+00:00,2,500,500,3,0.0017001628875732422,0.006773948669433594,0.028644800186157227,23.77379608154297,23.8145010471344,22,4,50,26,singleton_estimate,26,singleton_estimate,True,26,500,0,0,0,13.922,17,0.0,,False,
50,25,13,0.05,0.05,3,0,2012359709,2026-07-23T09:38:20.835623+00:00,2,500,500,3,0.0017039775848388672,0.006191730499267578,0.028438091278076172,844.5579521656036,844.5979928970337,26,6,50,26,singleton_estimate,26,singleton_estimate,True,26,500,0,0,0,11.914,15,0.0,,False,
50,25,13,0.05,0.05,3,1,1890338159,2026-07-23T09:52:25.434959+00:00,2,500,500,3,0.0018420219421386719,0.0064890384674072266,0.03040003776550293,11709.45794415474,11709.500463962555,27,1,50,26,singleton_estimate,26,singleton_estimate,True,26,500,0,0,0,13.422,17,0.0,,False,
50,25,13,0.05,0.05,3,2,1131551238,2026-07-23T13:07:34.943885+00:00,2,500,500,3,0.00947880744934082,0.0075719356536865234,0.035015106201171875,795.605141878128,795.6705830097198,21,5,50,26,singleton_estimate,26,singleton_estimate,True,26,500,0,0,0,13.102,17,0.0,,False,
50,25,13,0.05,0.2,1,0,673341990,2026-07-23T13:20:50.616403+00:00,2,500,500,3,0.0017819404602050781,0.006316184997558594,0.028625011444091797,1.3335611820220947,1.3736109733581543,9,2,50,26,singleton_estimate,26,singleton_estimate,True,26,500,0,0,0,19.002,23,0.0,,False,
50,25,13,0.05,0.2,1,1,317663662,2026-07-23T13:20:51.991233+00:00,2,500,500,3,0.0017290115356445312,0.006082057952880859,0.028493881225585938,1.3196609020233154,1.3591320514678955,4,5,50,26,singleton_estimate,26,singleton_estimate,True,26,500,0,0,0,22.654,25,0.0,,False,
50,25,13,0.05,0.2,1,2,1356400895,2026-07-23T13:20:53.351599+00:00,2,500,500,3,0.0017218589782714844,0.0062541961669921875,0.028268098831176758,1.3333570957183838,1.3729028701782227,6,5,50,26,singleton_estimate,26,singleton_estimate,True,26,500,0,0,0,21.858,25,0.0,,False,
50,25,13,0.05,0.2,2,0,824083392,2026-07-23T13:20:54.725732+00:00,2,500,500,3,0.0017421245574951172,0.006208181381225586,0.028631925582885742,23.78512215614319,23.824854135513306,4,3,50,26,singleton_estimate,26,singleton_estimate,True,26,500,0,0,0,22.9,26,0.0,,False,
50,25,13,0.05,0.2,2,1,1234656832,2026-07-23T13:21:18.551873+00:00,2,500,500,3,0.0017542839050292969,0.0063648223876953125,0.028560876846313477,23.703078985214233,23.7429780960083,2,3,50,26,singleton_estimate,26,singleton_estimate,True,26,500,0,0,0,23.686,26,0.0,,False,
50,25,13,0.05,0.2,2,2,1389671349,2026-07-23T13:21:42.296129+00:00,2,500,500,3,0.0017631053924560547,0.006855010986328125,0.028644084930419922,23.38858389854431,23.42899203300476,3,4,50,26,singleton_estimate,26,singleton_estimate,True,26,500,0,0,0,23.556,26,0.0,,False,
50,25,13,0.05,0.2,3,0,1103574238,2026-07-23T13:22:05.726364+00:00,2,500,500,3,0.0017690658569335938,0.006545066833496094,0.02854180335998535,798.6901669502258,798.7300701141357,3,2,50,26,singleton_estimate,26,singleton_estimate,True,26,500,0,0,0,22.83,25,0.0,,False,
